{
  "hash": "9dba77b9",
  "configHash": "e708c44e",
  "lockfileHash": "d22bae87",
  "browserHash": "af9963f3",
  "optimized": {
    "@angular/cdk/a11y": {
      "src": "../../../../../node_modules/@angular/cdk/fesm2022/a11y.mjs",
      "file": "@angular_cdk_a11y.js",
      "fileHash": "4474a935",
      "needsInterop": false
    },
    "@angular/cdk/accordion": {
      "src": "../../../../../node_modules/@angular/cdk/fesm2022/accordion.mjs",
      "file": "@angular_cdk_accordion.js",
      "fileHash": "388e0279",
      "needsInterop": false
    },
    "@angular/cdk/bidi": {
      "src": "../../../../../node_modules/@angular/cdk/fesm2022/bidi.mjs",
      "file": "@angular_cdk_bidi.js",
      "fileHash": "2d7d8583",
      "needsInterop": false
    },
    "@angular/cdk/layout": {
      "src": "../../../../../node_modules/@angular/cdk/fesm2022/layout.mjs",
      "file": "@angular_cdk_layout.js",
      "fileHash": "4bac492e",
      "needsInterop": false
    },
    "@angular/cdk/observers": {
      "src": "../../../../../node_modules/@angular/cdk/fesm2022/observers.mjs",
      "file": "@angular_cdk_observers.js",
      "fileHash": "e9e5e050",
      "needsInterop": false
    },
    "@angular/cdk/overlay": {
      "src": "../../../../../node_modules/@angular/cdk/fesm2022/overlay.mjs",
      "file": "@angular_cdk_overlay.js",
      "fileHash": "a055e80b",
      "needsInterop": false
    },
    "@angular/cdk/platform": {
      "src": "../../../../../node_modules/@angular/cdk/fesm2022/platform.mjs",
      "file": "@angular_cdk_platform.js",
      "fileHash": "06244dc2",
      "needsInterop": false
    },
    "@angular/cdk/portal": {
      "src": "../../../../../node_modules/@angular/cdk/fesm2022/portal.mjs",
      "file": "@angular_cdk_portal.js",
      "fileHash": "8ce430e4",
      "needsInterop": false
    },
    "@angular/cdk/table": {
      "src": "../../../../../node_modules/@angular/cdk/fesm2022/table.mjs",
      "file": "@angular_cdk_table.js",
      "fileHash": "e7040f85",
      "needsInterop": false
    },
    "@angular/common": {
      "src": "../../../../../node_modules/@angular/common/fesm2022/common.mjs",
      "file": "@angular_common.js",
      "fileHash": "33105a13",
      "needsInterop": false
    },
    "@angular/common/http": {
      "src": "../../../../../node_modules/@angular/common/fesm2022/http.mjs",
      "file": "@angular_common_http.js",
      "fileHash": "4db298ca",
      "needsInterop": false
    },
    "@angular/core": {
      "src": "../../../../../node_modules/@angular/core/fesm2022/core.mjs",
      "file": "@angular_core.js",
      "fileHash": "0c209bfe",
      "needsInterop": false
    },
    "@angular/flex-layout": {
      "src": "../../../../../node_modules/@angular/flex-layout/fesm2020/angular-flex-layout.mjs",
      "file": "@angular_flex-layout.js",
      "fileHash": "0737c5f7",
      "needsInterop": false
    },
    "@angular/forms": {
      "src": "../../../../../node_modules/@angular/forms/fesm2022/forms.mjs",
      "file": "@angular_forms.js",
      "fileHash": "b47c04cc",
      "needsInterop": false
    },
    "@angular/material/autocomplete": {
      "src": "../../../../../node_modules/@angular/material/fesm2022/autocomplete.mjs",
      "file": "@angular_material_autocomplete.js",
      "fileHash": "d36db4de",
      "needsInterop": false
    },
    "@angular/material/badge": {
      "src": "../../../../../node_modules/@angular/material/fesm2022/badge.mjs",
      "file": "@angular_material_badge.js",
      "fileHash": "640b3844",
      "needsInterop": false
    },
    "@angular/material/bottom-sheet": {
      "src": "../../../../../node_modules/@angular/material/fesm2022/bottom-sheet.mjs",
      "file": "@angular_material_bottom-sheet.js",
      "fileHash": "f9325bf9",
      "needsInterop": false
    },
    "@angular/material/button": {
      "src": "../../../../../node_modules/@angular/material/fesm2022/button.mjs",
      "file": "@angular_material_button.js",
      "fileHash": "a81ad387",
      "needsInterop": false
    },
    "@angular/material/button-toggle": {
      "src": "../../../../../node_modules/@angular/material/fesm2022/button-toggle.mjs",
      "file": "@angular_material_button-toggle.js",
      "fileHash": "266d73df",
      "needsInterop": false
    },
    "@angular/material/card": {
      "src": "../../../../../node_modules/@angular/material/fesm2022/card.mjs",
      "file": "@angular_material_card.js",
      "fileHash": "45a742fd",
      "needsInterop": false
    },
    "@angular/material/checkbox": {
      "src": "../../../../../node_modules/@angular/material/fesm2022/checkbox.mjs",
      "file": "@angular_material_checkbox.js",
      "fileHash": "74d18715",
      "needsInterop": false
    },
    "@angular/material/chips": {
      "src": "../../../../../node_modules/@angular/material/fesm2022/chips.mjs",
      "file": "@angular_material_chips.js",
      "fileHash": "e33d1ae7",
      "needsInterop": false
    },
    "@angular/material/core": {
      "src": "../../../../../node_modules/@angular/material/fesm2022/core.mjs",
      "file": "@angular_material_core.js",
      "fileHash": "647141c9",
      "needsInterop": false
    },
    "@angular/material/datepicker": {
      "src": "../../../../../node_modules/@angular/material/fesm2022/datepicker.mjs",
      "file": "@angular_material_datepicker.js",
      "fileHash": "584a7fab",
      "needsInterop": false
    },
    "@angular/material/dialog": {
      "src": "../../../../../node_modules/@angular/material/fesm2022/dialog.mjs",
      "file": "@angular_material_dialog.js",
      "fileHash": "783fe8c4",
      "needsInterop": false
    },
    "@angular/material/expansion": {
      "src": "../../../../../node_modules/@angular/material/fesm2022/expansion.mjs",
      "file": "@angular_material_expansion.js",
      "fileHash": "79d1706b",
      "needsInterop": false
    },
    "@angular/material/form-field": {
      "src": "../../../../../node_modules/@angular/material/fesm2022/form-field.mjs",
      "file": "@angular_material_form-field.js",
      "fileHash": "f4c16dcb",
      "needsInterop": false
    },
    "@angular/material/grid-list": {
      "src": "../../../../../node_modules/@angular/material/fesm2022/grid-list.mjs",
      "file": "@angular_material_grid-list.js",
      "fileHash": "63c631c9",
      "needsInterop": false
    },
    "@angular/material/icon": {
      "src": "../../../../../node_modules/@angular/material/fesm2022/icon.mjs",
      "file": "@angular_material_icon.js",
      "fileHash": "7b78200b",
      "needsInterop": false
    },
    "@angular/material/input": {
      "src": "../../../../../node_modules/@angular/material/fesm2022/input.mjs",
      "file": "@angular_material_input.js",
      "fileHash": "9956fabb",
      "needsInterop": false
    },
    "@angular/material/list": {
      "src": "../../../../../node_modules/@angular/material/fesm2022/list.mjs",
      "file": "@angular_material_list.js",
      "fileHash": "8dfe199f",
      "needsInterop": false
    },
    "@angular/material/menu": {
      "src": "../../../../../node_modules/@angular/material/fesm2022/menu.mjs",
      "file": "@angular_material_menu.js",
      "fileHash": "fa7347cc",
      "needsInterop": false
    },
    "@angular/material/paginator": {
      "src": "../../../../../node_modules/@angular/material/fesm2022/paginator.mjs",
      "file": "@angular_material_paginator.js",
      "fileHash": "11d4622c",
      "needsInterop": false
    },
    "@angular/material/progress-bar": {
      "src": "../../../../../node_modules/@angular/material/fesm2022/progress-bar.mjs",
      "file": "@angular_material_progress-bar.js",
      "fileHash": "0ac0b09b",
      "needsInterop": false
    },
    "@angular/material/progress-spinner": {
      "src": "../../../../../node_modules/@angular/material/fesm2022/progress-spinner.mjs",
      "file": "@angular_material_progress-spinner.js",
      "fileHash": "7fc51de0",
      "needsInterop": false
    },
    "@angular/material/radio": {
      "src": "../../../../../node_modules/@angular/material/fesm2022/radio.mjs",
      "file": "@angular_material_radio.js",
      "fileHash": "694459a1",
      "needsInterop": false
    },
    "@angular/material/select": {
      "src": "../../../../../node_modules/@angular/material/fesm2022/select.mjs",
      "file": "@angular_material_select.js",
      "fileHash": "e6d8ff05",
      "needsInterop": false
    },
    "@angular/material/sidenav": {
      "src": "../../../../../node_modules/@angular/material/fesm2022/sidenav.mjs",
      "file": "@angular_material_sidenav.js",
      "fileHash": "612e9b73",
      "needsInterop": false
    },
    "@angular/material/slide-toggle": {
      "src": "../../../../../node_modules/@angular/material/fesm2022/slide-toggle.mjs",
      "file": "@angular_material_slide-toggle.js",
      "fileHash": "6c1c8815",
      "needsInterop": false
    },
    "@angular/material/slider": {
      "src": "../../../../../node_modules/@angular/material/fesm2022/slider.mjs",
      "file": "@angular_material_slider.js",
      "fileHash": "3ce90692",
      "needsInterop": false
    },
    "@angular/material/snack-bar": {
      "src": "../../../../../node_modules/@angular/material/fesm2022/snack-bar.mjs",
      "file": "@angular_material_snack-bar.js",
      "fileHash": "b720c1ba",
      "needsInterop": false
    },
    "@angular/material/sort": {
      "src": "../../../../../node_modules/@angular/material/fesm2022/sort.mjs",
      "file": "@angular_material_sort.js",
      "fileHash": "1e66a3b3",
      "needsInterop": false
    },
    "@angular/material/stepper": {
      "src": "../../../../../node_modules/@angular/material/fesm2022/stepper.mjs",
      "file": "@angular_material_stepper.js",
      "fileHash": "1d8779db",
      "needsInterop": false
    },
    "@angular/material/table": {
      "src": "../../../../../node_modules/@angular/material/fesm2022/table.mjs",
      "file": "@angular_material_table.js",
      "fileHash": "acc98c08",
      "needsInterop": false
    },
    "@angular/material/tabs": {
      "src": "../../../../../node_modules/@angular/material/fesm2022/tabs.mjs",
      "file": "@angular_material_tabs.js",
      "fileHash": "21caa418",
      "needsInterop": false
    },
    "@angular/material/toolbar": {
      "src": "../../../../../node_modules/@angular/material/fesm2022/toolbar.mjs",
      "file": "@angular_material_toolbar.js",
      "fileHash": "c1023ac3",
      "needsInterop": false
    },
    "@angular/material/tooltip": {
      "src": "../../../../../node_modules/@angular/material/fesm2022/tooltip.mjs",
      "file": "@angular_material_tooltip.js",
      "fileHash": "ee07363d",
      "needsInterop": false
    },
    "@angular/platform-browser": {
      "src": "../../../../../node_modules/@angular/platform-browser/fesm2022/platform-browser.mjs",
      "file": "@angular_platform-browser.js",
      "fileHash": "60b50fe4",
      "needsInterop": false
    },
    "@angular/platform-browser/animations": {
      "src": "../../../../../node_modules/@angular/platform-browser/fesm2022/animations.mjs",
      "file": "@angular_platform-browser_animations.js",
      "fileHash": "39a75554",
      "needsInterop": false
    },
    "@angular/platform-browser/animations/async": {
      "src": "../../../../../node_modules/@angular/platform-browser/fesm2022/animations/async.mjs",
      "file": "@angular_platform-browser_animations_async.js",
      "fileHash": "309de88c",
      "needsInterop": false
    },
    "@angular/router": {
      "src": "../../../../../node_modules/@angular/router/fesm2022/router.mjs",
      "file": "@angular_router.js",
      "fileHash": "a7a505dd",
      "needsInterop": false
    },
    "jwt-decode": {
      "src": "../../../../../node_modules/jwt-decode/build/esm/index.js",
      "file": "jwt-decode.js",
      "fileHash": "5826e6a3",
      "needsInterop": false
    },
    "rxjs": {
      "src": "../../../../../node_modules/rxjs/dist/esm5/index.js",
      "file": "rxjs.js",
      "fileHash": "d8f8b9af",
      "needsInterop": false
    },
    "file-saver": {
      "src": "../../../../../node_modules/file-saver/dist/FileSaver.min.js",
      "file": "file-saver.js",
      "fileHash": "6f567d63",
      "needsInterop": true
    }
  },
  "chunks": {
    "browser-IMXMON74": {
      "file": "browser-IMXMON74.js"
    },
    "chunk-3JJBV2GG": {
      "file": "chunk-3JJBV2GG.js"
    },
    "chunk-4JYPGXJY": {
      "file": "chunk-4JYPGXJY.js"
    },
    "chunk-S7PBLSSJ": {
      "file": "chunk-S7PBLSSJ.js"
    },
    "chunk-ZT5E5OUW": {
      "file": "chunk-ZT5E5OUW.js"
    },
    "chunk-X5GXM4AX": {
      "file": "chunk-X5GXM4AX.js"
    },
    "chunk-5MJC5AWL": {
      "file": "chunk-5MJC5AWL.js"
    },
    "chunk-Y7TFU7L5": {
      "file": "chunk-Y7TFU7L5.js"
    },
    "chunk-5W27U7R2": {
      "file": "chunk-5W27U7R2.js"
    },
    "chunk-3S2OUAB4": {
      "file": "chunk-3S2OUAB4.js"
    },
    "chunk-IBAI5NNK": {
      "file": "chunk-IBAI5NNK.js"
    },
    "chunk-3SXWFKNJ": {
      "file": "chunk-3SXWFKNJ.js"
    },
    "chunk-XR4OYBW3": {
      "file": "chunk-XR4OYBW3.js"
    },
    "chunk-RSCLFH3B": {
      "file": "chunk-RSCLFH3B.js"
    },
    "chunk-TAWK2DTX": {
      "file": "chunk-TAWK2DTX.js"
    },
    "chunk-NAMPMKEM": {
      "file": "chunk-NAMPMKEM.js"
    },
    "chunk-ZFVW2RAU": {
      "file": "chunk-ZFVW2RAU.js"
    },
    "chunk-237XUEJ5": {
      "file": "chunk-237XUEJ5.js"
    },
    "chunk-EMZFKETF": {
      "file": "chunk-EMZFKETF.js"
    },
    "chunk-OO2IHKJV": {
      "file": "chunk-OO2IHKJV.js"
    },
    "chunk-DX7XABAP": {
      "file": "chunk-DX7XABAP.js"
    },
    "chunk-MS53FBRT": {
      "file": "chunk-MS53FBRT.js"
    },
    "chunk-R7NHJJEH": {
      "file": "chunk-R7NHJJEH.js"
    },
    "chunk-PQEU4F4K": {
      "file": "chunk-PQEU4F4K.js"
    },
    "chunk-RBYYBIZY": {
      "file": "chunk-RBYYBIZY.js"
    },
    "chunk-SMXFLPBF": {
      "file": "chunk-SMXFLPBF.js"
    },
    "chunk-H2HBIUW7": {
      "file": "chunk-H2HBIUW7.js"
    },
    "chunk-OJOEFZDN": {
      "file": "chunk-OJOEFZDN.js"
    },
    "chunk-E4LXAG2G": {
      "file": "chunk-E4LXAG2G.js"
    },
    "chunk-WSA2QMXP": {
      "file": "chunk-WSA2QMXP.js"
    },
    "chunk-WKYGNSYM": {
      "file": "chunk-WKYGNSYM.js"
    }
  }
}