{
  "hash": "72268fdc",
  "configHash": "97db1c36",
  "lockfileHash": "246cf015",
  "browserHash": "74c69e76",
  "optimized": {
    "@angular/common": {
      "src": "../../../../../node_modules/@angular/common/fesm2022/common.mjs",
      "file": "@angular_common.js",
      "fileHash": "7a0c1c06",
      "needsInterop": false
    },
    "@angular/common/http": {
      "src": "../../../../../node_modules/@angular/common/fesm2022/http.mjs",
      "file": "@angular_common_http.js",
      "fileHash": "734e7104",
      "needsInterop": false
    },
    "@angular/core": {
      "src": "../../../../../node_modules/@angular/core/fesm2022/core.mjs",
      "file": "@angular_core.js",
      "fileHash": "b56a00df",
      "needsInterop": false
    },
    "@angular/forms": {
      "src": "../../../../../node_modules/@angular/forms/fesm2022/forms.mjs",
      "file": "@angular_forms.js",
      "fileHash": "803447fd",
      "needsInterop": false
    },
    "@angular/material/card": {
      "src": "../../../../../node_modules/@angular/material/fesm2022/card.mjs",
      "file": "@angular_material_card.js",
      "fileHash": "1b5add56",
      "needsInterop": false
    },
    "@angular/material/icon": {
      "src": "../../../../../node_modules/@angular/material/fesm2022/icon.mjs",
      "file": "@angular_material_icon.js",
      "fileHash": "a591b6de",
      "needsInterop": false
    },
    "@angular/platform-browser": {
      "src": "../../../../../node_modules/@angular/platform-browser/fesm2022/platform-browser.mjs",
      "file": "@angular_platform-browser.js",
      "fileHash": "d12d6e5b",
      "needsInterop": false
    },
    "@angular/platform-browser/animations/async": {
      "src": "../../../../../node_modules/@angular/platform-browser/fesm2022/animations/async.mjs",
      "file": "@angular_platform-browser_animations_async.js",
      "fileHash": "3294fe24",
      "needsInterop": false
    },
    "@angular/router": {
      "src": "../../../../../node_modules/@angular/router/fesm2022/router.mjs",
      "file": "@angular_router.js",
      "fileHash": "ffb5442c",
      "needsInterop": false
    },
    "rxjs": {
      "src": "../../../../../node_modules/rxjs/dist/esm5/index.js",
      "file": "rxjs.js",
      "fileHash": "2549105a",
      "needsInterop": false
    }
  },
  "chunks": {
    "browser-S2FVUZA6": {
      "file": "browser-S2FVUZA6.js"
    },
    "chunk-Q2SSAUOI": {
      "file": "chunk-Q2SSAUOI.js"
    },
    "chunk-ZN4ZQIKF": {
      "file": "chunk-ZN4ZQIKF.js"
    },
    "chunk-BBUMVJIZ": {
      "file": "chunk-BBUMVJIZ.js"
    },
    "chunk-V4I6KYGB": {
      "file": "chunk-V4I6KYGB.js"
    },
    "chunk-CHRFX2HE": {
      "file": "chunk-CHRFX2HE.js"
    },
    "chunk-R7GQRDZ6": {
      "file": "chunk-R7GQRDZ6.js"
    }
  }
}