{
  "hash": "74fd2f6a",
  "configHash": "17237d32",
  "lockfileHash": "d0eeff84",
  "browserHash": "31c74976",
  "optimized": {
    "@angular/common": {
      "src": "../../../../../node_modules/@angular/common/fesm2022/common.mjs",
      "file": "@angular_common.js",
      "fileHash": "a4f76fe9",
      "needsInterop": false
    },
    "@angular/common/http": {
      "src": "../../../../../node_modules/@angular/common/fesm2022/http.mjs",
      "file": "@angular_common_http.js",
      "fileHash": "e85de605",
      "needsInterop": false
    },
    "@angular/common/locales/en": {
      "src": "../../../../../node_modules/@angular/common/locales/en.mjs",
      "file": "@angular_common_locales_en.js",
      "fileHash": "d95fd1c6",
      "needsInterop": false
    },
    "@angular/core": {
      "src": "../../../../../node_modules/@angular/core/fesm2022/core.mjs",
      "file": "@angular_core.js",
      "fileHash": "da9c5865",
      "needsInterop": false
    },
    "@angular/forms": {
      "src": "../../../../../node_modules/@angular/forms/fesm2022/forms.mjs",
      "file": "@angular_forms.js",
      "fileHash": "3f647f11",
      "needsInterop": false
    },
    "@angular/platform-browser": {
      "src": "../../../../../node_modules/@angular/platform-browser/fesm2022/platform-browser.mjs",
      "file": "@angular_platform-browser.js",
      "fileHash": "f064165d",
      "needsInterop": false
    },
    "@angular/platform-browser/animations/async": {
      "src": "../../../../../node_modules/@angular/platform-browser/fesm2022/animations/async.mjs",
      "file": "@angular_platform-browser_animations_async.js",
      "fileHash": "3cd1dc9b",
      "needsInterop": false
    },
    "@angular/router": {
      "src": "../../../../../node_modules/@angular/router/fesm2022/router.mjs",
      "file": "@angular_router.js",
      "fileHash": "bb4744d1",
      "needsInterop": false
    },
    "ng-zorro-antd/i18n": {
      "src": "../../../../../node_modules/ng-zorro-antd/fesm2022/ng-zorro-antd-i18n.mjs",
      "file": "ng-zorro-antd_i18n.js",
      "fileHash": "cac0576a",
      "needsInterop": false
    },
    "@angular/material/icon": {
      "src": "../../../../../node_modules/@angular/material/fesm2022/icon.mjs",
      "file": "@angular_material_icon.js",
      "fileHash": "68735f7c",
      "needsInterop": false
    },
    "@angular/material/card": {
      "src": "../../../../../node_modules/@angular/material/fesm2022/card.mjs",
      "file": "@angular_material_card.js",
      "fileHash": "4e534572",
      "needsInterop": false
    }
  },
  "chunks": {
    "browser-XENYEBIB": {
      "file": "browser-XENYEBIB.js"
    },
    "chunk-3IFI3FK2": {
      "file": "chunk-3IFI3FK2.js"
    },
    "chunk-VMZOVVWZ": {
      "file": "chunk-VMZOVVWZ.js"
    },
    "chunk-DKOH74XD": {
      "file": "chunk-DKOH74XD.js"
    },
    "chunk-FWUWZMG2": {
      "file": "chunk-FWUWZMG2.js"
    },
    "chunk-WHVJ2KJT": {
      "file": "chunk-WHVJ2KJT.js"
    },
    "chunk-DYJTUOBY": {
      "file": "chunk-DYJTUOBY.js"
    },
    "chunk-J4B6MK7R": {
      "file": "chunk-J4B6MK7R.js"
    }
  }
}