{
  "courses": [
    {
      "id": 1,
      "description": "Introduction to Angular",
      "iconUrl": "./assets/Angular.jpg",
      "longDescription": "This course provides a comprehensive introduction to Angular, covering components, services, routing, and more.",
      "category": "Frontend Development",
      "lessonsCount": 25
    },
    {
      "id": 2,
      "description": "Java Spring Boot Basics",
      "iconUrl": "./assets/springboot.jpg",
      "longDescription": "Learn the basics of building backend applications using Java Spring Boot, including REST APIs and database integration.",
      "category": "Backend Development",
      "lessonsCount": 30
    },
    {
      "id": 3,
      "description": "React for Beginners",
      "iconUrl": "./assets/reactjs.jpg",
      "longDescription": "This course is designed to teach beginners the fundamentals of React, including components, state, props, and hooks.",
      "category": "Frontend Development",
      "lessonsCount": 20
    },
    {
      "id": 4,
      "description": "DevOps with Docker and Kubernetes",
      "iconUrl": "./assets/DEVOPS-1.jpg",
      "longDescription": "Master Docker and Kubernetes for continuous integration and continuous deployment pipelines in this in-depth course.",
      "category": "DevOps",
      "lessonsCount": 40
    },
    {
      "id": 5,
      "description": "AWS Certified Solutions Architect",
      "iconUrl": "./assets/could.jpg",
      "longDescription": "Prepare for the AWS Certified Solutions Architect exam with this course covering VPC, EC2, RDS, and more.",
      "category": "Cloud Computing",
      "lessonsCount": 35
    },
    {
      "id": 6,
      "description": "Data Structures and Algorithms in Java",
      "iconUrl": "./assets/Computer.jpg",
      "longDescription": "Deep dive into data structures and algorithms using Java, including trees, graphs, sorting, and searching algorithms.",
      "category": "Computer Science",
      "lessonsCount": 45
    },
    {
      "id": 7,
      "description": "Python for Data Science",
      "iconUrl": "./assets/Datascience.png",
      "longDescription": "Learn Python fundamentals and explore libraries like NumPy, pandas, and Matplotlib for data analysis.",
      "category": "Data Science",
      "lessonsCount": 50
    },
    {
      "id": 8,
      "description": "Machine Learning with TensorFlow",
      "iconUrl": "./assets/AI.jpg",
      "longDescription": "Learn how to build and deploy machine learning models using TensorFlow and Keras in this hands-on course.",
      "category": "Artificial Intelligence",
      "lessonsCount": 60
    }
  ]
}
